class	tool	status	exit	detail
apt	radare2	FAIL	100	/home/user/tool-install-logs/apt-radare2.log
apt	gdb	PASS	0	installed
apt	lldb	PASS	0	installed
apt	binutils	PASS	0	installed
apt	gawk	PASS	0	installed
apt	patchelf	PASS	0	installed
apt	strace	PASS	0	installed
apt	ltrace	PASS	0	installed
apt	qemu-user-static	PASS	0	installed
apt	build-essential	PASS	0	installed
apt	cmake	PASS	0	installed
apt	golang-go	PASS	0	installed
apt	rustc	PASS	0	installed
apt	cargo	PASS	0	installed
apt	python3-dev	PASS	0	installed
apt	python3-venv	PASS	0	installed
apt	yara	PASS	0	installed
apt	afl++	PASS	0	installed
apt	radamsa	FAIL	100	/home/user/tool-install-logs/apt-radamsa.log
apt	nmap	PASS	0	installed
apt	masscan	PASS	0	installed
apt	tcpdump	PASS	0	installed
apt	tshark	PASS	0	installed
apt	zeek-client	FAIL	100	/home/user/tool-install-logs/apt-zeek-client.log
apt	suricata	PASS	0	installed
apt	hping3	PASS	0	installed
apt	netcat-openbsd	PASS	0	installed
apt	socat	PASS	0	installed
apt	dnsutils	PASS	0	installed
apt	ethtool	PASS	0	installed
apt	arp-scan	PASS	0	installed
apt	sqlmap	PASS	0	installed
apt	nikto	FAIL	100	/home/user/tool-install-logs/apt-nikto.log
apt	ffuf	PASS	0	installed
apt	feroxbuster	FAIL	100	/home/user/tool-install-logs/apt-feroxbuster.log
apt	gobuster	PASS	0	installed
apt	wpscan	FAIL	100	/home/user/tool-install-logs/apt-wpscan.log
apt	whatweb	PASS	0	installed
apt	theharvester	FAIL	100	/home/user/tool-install-logs/apt-theharvester.log
apt	joomscan	FAIL	100	/home/user/tool-install-logs/apt-joomscan.log
apt	droopescan	FAIL	100	/home/user/tool-install-logs/apt-droopescan.log
apt	hydra	PASS	0	installed
apt	medusa	PASS	0	installed
apt	ncrack	PASS	0	installed
apt	cewl	PASS	0	installed
apt	crunch	PASS	0	installed
apt	smbclient	PASS	0	installed
apt	ldap-utils	PASS	0	installed
apt	krb5-user	PASS	0	installed
apt	dnsrecon	PASS	0	installed
apt	fierce	PASS	0	installed
apt	enum4linux	FAIL	100	/home/user/tool-install-logs/apt-enum4linux.log
apt	proxychains4	PASS	0	installed
apt	binwalk	PASS	0	installed
apt	aircrack-ng	PASS	0	installed
apt	reaver	PASS	0	installed
apt	steghide	PASS	0	installed
apt	libimage-exiftool-perl	PASS	0	installed
apt	foremost	PASS	0	installed
apt	testdisk	PASS	0	installed
apt	sleuthkit	PASS	0	installed
apt	ssdeep	PASS	0	installed
apt	tlsh	FAIL	100	/home/user/tool-install-logs/apt-tlsh.log
apt	yq	PASS	0	installed
apt	jq	PASS	0	installed
apt	sqlite3	PASS	0	installed
apt	postgresql-client	PASS	0	installed
apt	redis-tools	PASS	0	installed
apt	tmux	PASS	0	installed
apt	pandoc	PASS	0	installed
apt	graphviz	PASS	0	installed
apt	file	PASS	0	installed
apt	lsof	PASS	0	installed
pip	angr	PASS	0	installed
pip	pwntools	PASS	0	installed
pip	lief	PASS	0	installed
pip	pefile	PASS	0	installed
pip	pyelftools	PASS	0	installed
pip	macholib	PASS	0	installed
pip	capstone	PASS	0	installed
pip	unicorn	PASS	0	installed
pip	keystone-engine	PASS	0	installed
pip	ropper	PASS	0	installed
pip	ROPgadget	PASS	0	installed
pip	z3-solver	PASS	0	installed
pip	miasm	PASS	0	installed
pip	qiling	PASS	0	installed
pip	speakeasy	PASS	0	installed
pip	flare-capa	PASS	0	installed
pip	r2pipe	PASS	0	installed
pip	frida-tools	PASS	0	installed
pip	objection	PASS	0	installed
pip	yara-x	PASS	0	installed
pip	pocsuite3	PASS	0	installed
pip	boofuzz	PASS	0	installed
pip	hypothesis	PASS	0	installed
pip	scapy	PASS	0	installed
pip	mitmproxy	PASS	0	installed
pip	impacket	PASS	0	installed
pip	arjun	PASS	0	installed
pip	dirsearch	PASS	0	installed
pip	wapiti	FAIL	1	/home/user/tool-install-logs/pip-wapiti.log
pip	cmseek	FAIL	1	/home/user/tool-install-logs/pip-cmseek.log
pip	commix	PASS	0	installed
pip	h8mail	PASS	0	installed
pip	shhgit	FAIL	1	/home/user/tool-install-logs/pip-shhgit.log
pip	detect-secrets	PASS	0	installed
pip	recon-ng	FAIL	1	/home/user/tool-install-logs/pip-recon-ng.log
pip	sublist3r	PASS	0	installed
pip	wifite2	FAIL	1	/home/user/tool-install-logs/pip-wifite2.log
pip	volatility3	PASS	0	installed
pip	sievecarve	FAIL	1	/home/user/tool-install-logs/pip-sievecarve.log
pip	yara-python	PASS	0	installed
pip	checkov	PASS	0	installed
pip	kube-hunter	PASS	0	installed
pip	cti-python-sdk	FAIL	1	/home/user/tool-install-logs/pip-cti-python-sdk.log
pip	stix2	PASS	0	installed
pip	mitreattack-python	PASS	0	installed
pip	requests	PASS	0	installed
pip	colorama	PASS	0	installed
binary	floss	FAIL	1	/home/user/tool-install-logs/bin-floss.log
binary	httpx	PASS	0	/usr/local/bin/httpx
binary	naabu	PASS	0	/usr/local/bin/naabu
binary	dnsx	PASS	0	/usr/local/bin/dnsx
binary	tlsx	PASS	0	/usr/local/bin/tlsx
binary	subfinder	PASS	0	/usr/local/bin/subfinder
binary	nuclei	PASS	0	/usr/local/bin/nuclei
binary	katana	PASS	0	/usr/local/bin/katana
binary	interactsh-client	PASS	0	/usr/local/bin/interactsh-client
binary	asnmap	PASS	0	/usr/local/bin/asnmap
binary	gau	PASS	0	/usr/local/bin/gau
binary	waybackurls	PASS	0	/usr/local/bin/waybackurls
binary	dalfox	PASS	0	/usr/local/bin/dalfox
binary	amass	PASS	0	/usr/local/bin/amass
binary	puredns	PASS	0	/usr/local/bin/puredns
binary	gitleaks	FAIL	1	/home/user/tool-install-logs/bin-gitleaks.log
binary	trufflehog	PASS	0	/usr/local/bin/trufflehog
binary	assetfinder	FAIL	1	/home/user/tool-install-logs/bin-assetfinder.log
binary	findomain	FAIL	1	/home/user/tool-install-logs/bin-findomain.log
binary	lazagne	FAIL	1	/home/user/tool-install-logs/bin-lazagne.log
binary	ligolo-ng	FAIL	1	/home/user/tool-install-logs/bin-ligolo-ng.log
binary	chisel	FAIL	1	/home/user/tool-install-logs/bin-chisel.log
binary	frp	PASS	0	/usr/local/bin/frpc
binary	gost	PASS	0	/usr/local/bin/gost
binary	trivy	FAIL	1	/home/user/tool-install-logs/bin-trivy.log
binary	syft	PASS	0	/usr/local/bin/syft
binary	grype	PASS	0	/usr/local/bin/grype
git	gitrob	PASS	0	/opt/security-tools/gitrob
git	PEASS-ng	PASS	0	/opt/security-tools/PEASS-ng
git	pspy	PASS	0	/opt/security-tools/pspy
git	firmwalker	FAIL	128	/home/user/tool-install-logs/git-firmwalker.log
git	unicornscan	FAIL	128	/home/user/tool-install-logs/git-unicornscan.log
build	massdns	PASS	0	/usr/local/bin/massdns
fallback	floss	PASS	0	installed
fallback	gitleaks	PASS	0	installed
fallback	findomain	PASS	0	installed
fallback	ligolo-ng	PASS	0	installed
fallback	chisel	PASS	0	installed
fallback	trivy	PASS	0	installed
fallback	feroxbuster	PASS	0	installed
fallback	radare2	PASS	0	installed
fallback	wapiti	PASS	0	wapiti3
fallback	droopescan	PASS	0	git+https://github.com/SamJoan/droopescan.git
fallback	zeek-client	PASS	0	zeek-client
fallback	tlsh	PASS	0	py-tlsh
fallback	nikto	PASS	0	/opt/security-tools/nikto
fallback	theHarvester	PASS	0	/opt/security-tools/theHarvester
fallback	joomscan	PASS	0	/opt/security-tools/joomscan
fallback	enum4linux	PASS	0	/opt/security-tools/enum4linux
fallback	cmseek	PASS	0	/opt/security-tools/CMSeeK
fallback	recon-ng	PASS	0	/opt/security-tools/recon-ng
fallback	wifite2	PASS	0	/opt/security-tools/wifite2
fallback	lazagne	PASS	0	/opt/security-tools/LaZagne
fallback	firmwalker	FAIL	128	/home/user/tool-install-logs/fallback-firmwalker.log
fallback	unicornscan	PASS	0	/opt/security-tools/unicornscan
fallback	radamsa	PASS	0	installed
fallback	assetfinder	PASS	0	/usr/local/bin/assetfinder
fallback	shhgit	PASS	0	/usr/local/bin/shhgit
fallback	wpscan	FAIL	1	/home/user/tool-install-logs/fallback-wpscan.log
fallback	firmwalker-fork	PASS	0	/opt/security-tools/firmwalker
fallback	wpscan-retry	PASS	0	installed after ruby-dev
